,Open,High,Low,Close,Volume,symbol,GDP_GROWTH_value_days_since_update,GDP_GROWTH_value,UNEMPLOYMENT_value_days_since_update,UNEMPLOYMENT_value,VIX_value,day_of_week,day_of_month,week_of_year,month,quarter,year,is_monday,is_friday,is_month_start,is_month_end,is_quarter_start,is_quarter_end,sentiment_age_hours,returns,log_returns,sma_5,sma_5_ratio,sma_10,sma_10_ratio,sma_20,sma_20_ratio,sma_50,sma_50_ratio,ema_12,ema_26,macd,macd_signal,macd_diff,bb_middle,bb_upper,bb_lower,bb_width,bb_position,rsi,volume_sma_10,volume_ratio,price_volume,volatility_20d,volatility_60d,volatility_ratio,trend_strength,high_volatility,missing_count,missing_pct,returns_lag_1,returns_lag_2,returns_lag_3,returns_lag_5,returns_lag_10,Close_lag_1,Close_lag_2,Close_lag_3,Close_lag_5,Close_lag_10,rsi_lag_1,rsi_lag_2,rsi_lag_3,rsi_lag_5,rsi_lag_10
2025-06-05 23:24:01.164398,128.19506760802338,131.3575565574088,126.87459311233043,129.22432222620193,38997889.0,AAPL,3.0,3.285055311019427,3.0,4.416869901584489,14.488378531958746,3,5,23.0,6,2,2025,0,0,0,0,0,0,0,0.0,0.0,127.73484908588792,1.0116606638749972,129.02194572243363,1.0015685432632033,130.70663939123273,0.9886592052864743,136.0964426768201,0.9495055100967117,129.5314310587234,132.1340746672141,-2.6026436084906948,-2.6322631828108145,0.029619574320119746,130.70663939123273,135.82822598171242,125.58505280075305,10.243173180959374,0.35528730805936,31.762654444688152,35325180.0,1.1039685855811634,5039475774.277656,0.1800061429858064,0.2064983342607914,0.8717074819522398,2.104739689691573,0,3,0.05263157894736842,0.02238940787149768,0.0,-0.00817914271474851,-0.013307545314278246,0.0,129.22432222620193,126.39442587265528,126.39442587265528,127.43674923172517,133.56784552644154,31.762654444688152,26.679469479929992,26.679469479929992,34.485133736800435,31.54450435157041
2025-06-05 23:24:01.164503,129.12469468693072,133.49263954237307,126.41771951687505,130.24563817167106,43603547.0,AAPL,4.0,3.285055311019427,4.0,4.416869901584489,14.488378531958746,3,5,23.0,6,2,2025,0,0,0,0,0,0,0,0.00790343433708518,0.007872365791369136,128.29662687387707,1.0151914461454234,128.7566355905748,1.0115644725746877,130.69773488341497,0.9965408986456638,135.8387107516798,0.9588256355713419,129.64130907609996,131.99419048235904,-2.352881406259087,-2.576386827500469,0.22350542124138206,130.69773488341497,135.82201108632296,125.57345868050696,10.248552405816,0.45588677367865765,34.3854645141561,35904042.0,1.2144467466921969,5679171805.563453,0.15977339488197112,0.2052405280335644,0.7784690305213123,2.00651786308761,0,3,0.05263157894736842,0.0,0.02238940787149768,0.0,0.0,-0.005009484382597185,129.22432222620193,129.22432222620193,126.39442587265528,127.43674923172517,132.8987394902597,31.762654444688152,31.762654444688152,26.679469479929992,34.485133736800435,26.035189817880635
2025-06-06 23:24:01.164398,129.12469468693072,133.49263954237307,126.41771951687505,130.24563817167106,43603547.0,AAPL,4.0,3.285055311019427,4.0,4.416869901584489,25.358758235821558,4,6,23.0,6,2,2025,0,1,0,0,0,0,0,0.0,0.0,129.06686933368024,1.0091330086805106,128.49132545871595,1.0136531606837442,130.68883037559723,0.9966087981455458,135.5809788265395,0.9606483099543454,129.7342827831109,131.86466808897475,-2.1303853058638538,-2.487186523173146,0.35680121730929226,130.68883037559723,135.8157296623152,125.56193108887928,10.253798573435915,0.4567777540438201,34.3854645141561,36482904.0,1.1951775275345407,5679171805.563453,0.15977339488197112,0.2052405280335644,0.7784690305213123,1.908423855181302,0,3,0.05263157894736842,0.00790343433708518,0.0,0.02238940787149768,-0.00817914271474851,0.0,130.24563817167106,129.22432222620193,129.22432222620193,126.39442587265528,132.8987394902597,34.3854645141561,31.762654444688152,31.762654444688152,26.679469479929992,26.035189817880635
2025-06-06 23:24:01.164503,123.52741792856108,128.75272428751,122.1771390095218,125.85889378876495,42859007.0,AAPL,5.0,3.285055311019427,5.0,4.416869901584489,25.358758235821558,4,6,23.0,6,2,2025,0,1,0,0,0,0,0,-0.03368054734488801,-0.03426080310725483,128.95976291690218,0.9759547547390007,128.16166565845978,0.9820322882207888,130.4283124740732,0.9649660522425559,135.263677381173,0.9304707385271999,129.13806909167306,131.41979591858885,-2.2817268269157864,-2.446094583921674,0.16436775700588768,130.4283124740732,135.98529732150814,124.87132762663826,11.11396969486988,0.08885809384405066,24.98941181581897,36303304.8,1.180581416378379,5394187209.904933,0.19808569037424653,0.2092094518099281,0.9468295464691158,1.7402836393666836,0,3,0.05263157894736842,0.0,0.00790343433708518,0.0,0.0,-0.028166164053105236,130.24563817167106,130.24563817167106,129.22432222620193,126.39442587265528,129.15549179132614,34.3854645141561,34.3854645141561,31.762654444688152,26.679469479929992,29.41726234100163
2025-06-09 23:24:01.164398,123.52741792856108,128.75272428751,122.1771390095218,125.85889378876495,42859007.0,AAPL,5.0,3.285055311019427,5.0,4.416869901584489,9.258367980484582,0,9,24.0,6,2,2025,1,0,0,0,0,0,0,0.0,0.0,128.28667722941478,0.9810753268142706,127.83200585820369,0.9845648039691453,130.16779457254918,0.9668973358737928,134.9463759358065,0.9326585683830114,128.63358058353336,131.0078772423056,-2.374296658772238,-2.4317349988917867,0.05743834011954885,130.16779457254918,136.07571566316744,124.25987348193091,11.815842181236533,0.13532850915809175,24.98941181581897,36123705.6,1.1864510101643613,5394187209.904933,0.19808569037424653,0.2092094518099281,0.9468295464691158,1.6176862520542636,0,3,0.05263157894736842,-0.03368054734488801,0.0,0.00790343433708518,0.02238940787149768,0.0,125.85889378876495,130.24563817167106,130.24563817167106,129.22432222620193,129.15549179132614,24.98941181581897,34.3854645141561,34.3854645141561,31.762654444688152,29.41726234100163
2025-06-09 23:24:01.164503,127.35978908987842,130.22580114302238,125.08612099392553,126.8040609903443,21726298.0,AAPL,8.0,3.285055311019427,1.0,4.561127169344655,9.258367980484582,0,9,24.0,6,2,2025,1,0,0,0,0,0,0,0.0075097370803660635,0.007481679387895926,127.80262498224326,0.9921866707194965,127.7687370340656,0.9924498271947065,129.85037217559682,0.976539834778964,134.6388405032722,0.9418089201924055,128.35211603073503,130.69648344586403,-2.3443674151289997,-2.4142614821392296,0.06989406701022993,129.85037217559682,135.76525651258922,123.93548783860443,11.829768673984788,0.24248767924331732,30.574652490294127,34551162.7,0.628815249681887,2754982816.686395,0.19014363290727393,0.19880156353251827,0.9564493836396405,1.6191249244647907,0,3,0.05263157894736842,0.0,-0.03368054734488801,0.0,0.0,-0.013307545314278246,125.85889378876495,125.85889378876495,130.24563817167106,129.22432222620193,127.43674923172517,24.98941181581897,24.98941181581897,34.3854645141561,31.762654444688152,34.485133736800435
2025-06-10 23:24:01.164398,127.35978908987842,130.22580114302238,125.08612099392553,126.8040609903443,21726298.0,AAPL,8.0,3.285055311019427,1.0,4.561127169344655,21.233568310331364,1,10,24.0,6,2,2025,0,0,0,0,0,0,0,0.0,0.0,127.1143095459779,0.9975592948052683,127.70546820992752,0.9929415143124377,129.53294977864445,0.9789328599945922,134.33130507073793,0.9439650789037608,128.11395371682877,130.40815585656628,-2.294202139737507,-2.3902496136588853,0.09604747392137813,129.53294977864445,135.38271062944463,123.68318892784428,11.699521701600347,0.26675210680391465,30.574652490294127,32978619.8,0.6587994928762907,2754982816.686395,0.19014363290727393,0.19880156353251827,0.9564493836396405,1.640530412944017,0,3,0.05263157894736842,0.0075097370803660635,0.0,-0.03368054734488801,0.00790343433708518,0.0,126.8040609903443,125.85889378876495,125.85889378876495,130.24563817167106,127.43674923172517,30.574652490294127,24.98941181581897,24.98941181581897,34.3854645141561,34.485133736800435
2025-06-10 23:24:01.164503,125.97060395747107,128.87329767898916,123.08576450662483,125.95710627692883,27498963.0,AAPL,9.0,3.285055311019427,2.0,4.561127169344655,21.233568310331364,1,10,24.0,6,2,2025,0,0,0,0,0,0,0,-0.0066792396615749094,-0.006701645608326292,126.25660316702945,0.9976278714729525,127.66173625035485,0.9866472913224124,129.14363855763818,0.9753256736739133,134.0687622508311,0.9394963014671078,127.78213103376724,130.07844848029686,-2.2963174465296134,-2.371463180233031,0.0751457337034176,129.14363855763818,134.84814590367154,123.43913121160482,11.40901469206672,0.2207004840720284,37.49765702944061,33957880.3,0.8097962168739962,3463689805.0963335,0.1889553742351395,0.1989821001493126,0.9496099101042292,1.72674812895722,0,3,0.05263157894736842,0.0,0.0075097370803660635,0.0,0.0,-0.00817914271474851,126.8040609903443,126.8040609903443,125.85889378876495,130.24563817167106,126.39442587265528,30.574652490294127,30.574652490294127,24.98941181581897,34.3854645141561,26.679469479929992
2025-06-11 23:24:01.164398,125.97060395747107,128.87329767898916,123.08576450662483,125.95710627692883,27498963.0,AAPL,9.0,3.285055311019427,2.0,4.561127169344655,20.707621818464556,2,11,24.0,6,2,2025,0,0,0,0,0,0,0,0.0,0.0,126.27624566466224,0.9974726886592675,127.61800429078221,0.9869853942389746,128.7543273366319,0.978274741381005,133.80621943092427,0.9413396986524423,127.50135799425364,129.77316387263997,-2.2718058783863313,-2.351531719863691,0.07972584147735962,128.7543273366319,134.1937008483919,123.31495382487189,10.878747023520006,0.24287286452608578,37.49765702944061,34937140.8,0.7870982676407224,3463689805.0963335,0.1889553742351395,0.1989821001493126,0.9496099101042292,1.8575271888831038,0,3,0.05263157894736842,-0.0066792396615749094,0.0,0.0075097370803660635,-0.03368054734488801,0.0,125.95710627692883,126.8040609903443,126.8040609903443,125.85889378876495,126.39442587265528,37.49765702944061,30.574652490294127,30.574652490294127,24.98941181581897,26.679469479929992
2025-06-11 23:24:01.164503,122.15604006800211,127.04534857470723,120.97212580464708,124.38766041921485,32734731.0,AAPL,10.0,3.285055311019427,3.0,4.561127169344655,20.707621818464556,2,11,24.0,6,2,2025,0,0,0,0,0,0,0,-0.012460161273182946,-0.012538440006119358,125.9819989907522,0.987344711273756,127.13433811008352,0.978395469456172,128.29531808127052,0.9695416970743991,133.48850343302905,0.9318230201121397,127.02232759809382,129.37423769090478,-2.3519100928109538,-2.3516073944531435,-0.00030269835781027155,128.29531808127052,133.57130654193307,123.01932962060796,10.551976921325107,0.12967530243944633,37.94049391574754,34310825.0,0.9540642348296784,4071796603.5423455,0.19181403130591576,0.19976321577179898,0.9602069658561964,1.9686113381325974,0,3,0.05263157894736842,0.0,-0.0066792396615749094,0.0,0.0,0.02238940787149768,125.95710627692883,125.95710627692883,126.8040609903443,125.85889378876495,129.22432222620193,37.49765702944061,37.49765702944061,30.574652490294127,24.98941181581897,31.762654444688152
2025-06-12 23:24:01.164398,122.15604006800211,127.04534857470723,120.97212580464708,124.38766041921485,32734731.0,AAPL,10.0,3.285055311019427,3.0,4.561127169344655,19.42202707613053,3,12,24.0,6,2,2025,0,0,0,0,0,0,0,0.0,0.0,125.49871887652634,0.991146854188969,126.6506719293848,0.9821318633711497,127.83630882590921,0.9730229350458576,133.17078743513383,0.9340461434141691,126.61699418595859,129.00486159670552,-2.387867410746935,-2.358859397711902,-0.029008013035033198,127.83630882590921,132.76693727821052,122.90568037360791,9.861256904602612,0.1502830785105346,37.94049391574754,33684509.2,0.9718037097004815,4071796603.5423455,0.19181403130591576,0.19976321577179898,0.9602069658561964,2.1638128529984124,0,3,0.05263157894736842,-0.012460161273182946,0.0,-0.0066792396615749094,0.0075097370803660635,0.0,124.38766041921485,125.95710627692883,125.95710627692883,126.8040609903443,129.22432222620193,37.94049391574754,37.49765702944061,37.49765702944061,30.574652490294127,31.762654444688152
2025-06-12 23:24:01.164503,124.92867021249702,127.54127871816857,123.57986684525851,126.04468770399589,21438459.0,AAPL,11.0,3.285055311019427,4.0,4.561127169344655,19.42202707613053,3,12,24.0,6,2,2025,0,0,0,0,0,0,0,0.013321476416523037,0.013233525776817516,125.34684421925665,1.005567299991363,126.23057688261727,0.9985273839095717,127.49360623659602,0.9886353631733398,132.9169384781855,0.9482966516316692,126.52894703488741,128.7855894565048,-2.2566424216173857,-2.3384160024929987,0.08177358087561304,127.49360623659602,131.86361192509636,123.12360054809567,8.740011377000698,0.3342200633270401,48.68088558950208,31468000.4,0.6812780833700511,2702203869.50992,0.20071060826142717,0.1958149108366325,1.0250016579630095,2.482071021491322,0,3,0.05263157894736842,0.0,-0.012460161273182946,0.0,0.0,0.00790343433708518,124.38766041921485,124.38766041921485,125.95710627692883,126.8040609903443,130.24563817167106,37.94049391574754,37.94049391574754,37.49765702944061,30.574652490294127,34.3854645141561
2025-06-13 23:24:01.164398,124.92867021249702,127.54127871816857,123.57986684525851,126.04468770399589,21438459.0,AAPL,11.0,3.285055311019427,4.0,4.561127169344655,20.49030831888413,4,13,24.0,6,2,2025,0,1,0,0,0,0,0,0.0,0.0,125.36436050467005,1.005426799104523,125.81048183584976,1.0018615767520207,127.15090364728283,0.9912999757645798,132.66308952123717,0.950111203944321,126.45444559936564,128.58255969705968,-2.128114097694038,-2.296355621533207,0.16824152383916902,127.15090364728283,130.74169623793253,123.56011105663313,7.181585181299397,0.345964934570784,48.68088558950208,29251491.6,0.7329013950180919,2702203869.50992,0.20071060826142717,0.1958149108366325,1.0250016579630095,3.070177814395559,0,3,0.05263157894736842,0.013321476416523037,0.0,-0.012460161273182946,-0.0066792396615749094,0.0,126.04468770399589,124.38766041921485,124.38766041921485,125.95710627692883,130.24563817167106,48.68088558950208,37.94049391574754,37.94049391574754,37.49765702944061,34.3854645141561
2025-06-13 23:24:01.164503,130.90282101986884,131.03467051514036,126.91895575788891,128.7994442511013,25033888.0,AAPL,12.0,3.285055311019427,5.0,4.561127169344655,20.49030831888413,4,13,24.0,6,2,2025,0,1,0,0,0,0,0,0.021855395870190808,0.021619990449918823,125.93282809950456,1.0227630570587338,126.10453688208341,1.02137042358387,127.13310127027162,1.013107074115082,132.47771608901206,0.9722347882609984,126.81521462270959,128.59862521958127,-1.7834105968716756,-2.1937666166009007,0.4103560197292251,127.13310127027162,130.68537210189504,123.5808304386482,7.104541663246835,0.73454616213316,48.38834421812626,27468979.7,0.9113512141115311,3224350861.844314,0.19453864399729706,0.20112529758405814,0.9672509939531189,3.0091257519899774,0,3,0.05263157894736842,0.0,0.013321476416523037,0.0,0.0,-0.03368054734488801,126.04468770399589,126.04468770399589,124.38766041921485,125.95710627692883,125.85889378876495,48.68088558950208,48.68088558950208,37.94049391574754,37.49765702944061,24.98941181581897
2025-06-16 23:24:01.164398,130.90282101986884,131.03467051514036,126.91895575788891,128.7994442511013,25033888.0,AAPL,12.0,3.285055311019427,5.0,4.561127169344655,11.807482768710582,0,16,25.0,6,2,2025,1,0,0,0,0,0,0,0.0,0.0,126.81518486588183,1.0156468595406616,126.39859192831702,1.0189942964249623,127.11529889326036,1.0132489587996416,132.29234265678696,0.9735971233441117,127.12048071938523,128.61350070339756,-1.493019984012335,-2.0536172900831877,0.5605973060708527,127.11529889326036,130.62824578360383,123.60235200291687,7.025893780686957,0.7397054966117473,48.38834421812626,25686467.8,0.9745944127047316,3224350861.844314,0.19453864399729706,0.20112529758405814,0.9672509939531189,2.947407931362384,0,3,0.05263157894736842,0.021855395870190808,0.0,0.013321476416523037,-0.012460161273182946,0.0,128.7994442511013,126.04468770399589,126.04468770399589,124.38766041921485,125.85889378876495,48.38834421812626,48.68088558950208,48.68088558950208,37.94049391574754,24.98941181581897
2025-06-16 23:24:01.164503,129.98381394908031,133.3623984290826,127.97858435811062,131.35217846977804,32024096.0,AAPL,15.0,3.285055311019427,1.0,4.506405109710674,11.807482768710582,0,16,25.0,6,2,2025,1,0,0,0,0,0,0,0.019819450569212416,0.019625602382324026,128.2080884759945,1.024523335704925,126.8534036762604,1.0354643601443982,127.311070355163,1.0317420009378717,132.1883256617043,0.9936745761190278,127.77151114252258,128.81636572312945,-1.0448545806068665,-1.8518647481879236,0.807010167581057,127.311070355163,131.30316963744755,123.31897107287845,7.984198564569098,1.006138228143269,53.76046036894495,26716247.6,1.1986749216982102,4206434773.125305,0.20009241571910438,0.20562025288450822,0.9731162806783012,2.4434539131753383,0,3,0.05263157894736842,0.0,0.021855395870190808,0.0,0.0,0.0075097370803660635,128.7994442511013,128.7994442511013,126.04468770399589,124.38766041921485,126.8040609903443,48.38834421812626,48.38834421812626,48.68088558950208,37.94049391574754,30.574652490294127
2025-06-17 23:24:01.164398,129.98381394908031,133.3623984290826,127.97858435811062,131.35217846977804,32024096.0,AAPL,15.0,3.285055311019427,1.0,4.506405109710674,20.665622117318872,1,17,25.0,6,2,2025,0,0,0,0,0,0,0,0.0,0.0,129.2695866291509,1.0161104548636153,127.30821542420378,1.0317651381106818,127.50684181706565,1.0301578848469113,132.08430866662167,0.9944570993766451,128.32238303902344,129.00420370436268,-0.6818206653392451,-1.617855931618188,0.9360352662789428,127.50684181706565,131.88978241938094,123.12390121475036,8.765881204630574,0.9386708606866692,53.76046036894495,27746027.4,1.1541867071031582,4206434773.125305,0.20009241571910438,0.20562025288450822,0.9731162806783012,2.0887651761185064,0,3,0.05263157894736842,0.019819450569212416,0.0,0.021855395870190808,0.013321476416523037,0.0,131.35217846977804,128.7994442511013,128.7994442511013,126.04468770399589,126.8040609903443,53.76046036894495,48.38834421812626,48.38834421812626,48.68088558950208,30.574652490294127
2025-06-17 23:24:01.164503,127.4586120271624,131.21903181640525,127.02702671904157,129.2951468130436,44958762.0,AAPL,16.0,3.285055311019427,2.0,4.506405109710674,20.665622117318872,1,17,25.0,6,2,2025,0,0,0,0,0,0,0,-0.015660430460296637,-0.0157843504644526,129.91967845096048,0.995192940396996,127.64201947781528,1.0129512784425636,127.65187786408505,1.0128730495504985,131.833244435928,0.980747666237419,128.4720390042573,129.02575504574645,-0.5537160414891389,-1.4050279535923782,0.8513119121032393,127.65187786408505,132.0716458018565,123.2321099263136,8.839535875542907,0.685899912856864,63.87474935058468,29492007.3,1.5244388604230408,5812949733.322686,0.20659353064245878,0.2033794422164219,1.0158034085992658,1.8921204147887007,0,3,0.05263157894736842,0.0,0.019819450569212416,0.0,0.0,-0.0066792396615749094,131.35217846977804,131.35217846977804,128.7994442511013,126.04468770399589,125.95710627692883,53.76046036894495,53.76046036894495,48.38834421812626,48.68088558950208,37.49765702944061
2025-06-18 23:24:01.164398,127.4586120271624,131.21903181640525,127.02702671904157,129.2951468130436,44958762.0,AAPL,16.0,3.285055311019427,2.0,4.506405109710674,13.946415830439461,2,18,25.0,6,2,2025,0,0,0,0,0,0,0,0.0,0.0,130.0188189633489,0.9944340968786273,127.97582353142676,1.0103091603180256,127.79691391110448,1.0117235452413293,131.58218020523432,0.982618973263526,128.59867097483982,129.04570999147217,-0.44703901663234547,-1.2134301662003717,0.7663911495680262,127.79691391110448,132.2332849788742,123.36054284333477,8.872742135539426,0.6688579335511178,63.87474935058468,31237987.2,1.439233639227562,5812949733.322686,0.20659353064245878,0.2033794422164219,1.0158034085992658,1.7064696511208677,0,3,0.05263157894736842,-0.015660430460296637,0.0,0.019819450569212416,0.021855395870190808,0.0,129.2951468130436,131.35217846977804,131.35217846977804,128.7994442511013,125.95710627692883,63.87474935058468,53.76046036894495,53.76046036894495,48.38834421812626,37.49765702944061
2025-06-18 23:24:01.164503,128.57231704971593,132.4159495615041,124.98734482432114,128.62658326605134,27028708.0,AAPL,17.0,3.285055311019427,3.0,4.506405109710674,13.946415830439461,2,18,25.0,6,2,2025,0,0,0,0,0,0,0,-0.005170832498136879,-0.005184247517024562,129.9842467663389,0.989555168921907,128.3997158161104,1.001766884361846,127.76702696309694,1.0067275284037303,131.31567280389353,0.979521945245195,128.60296517348775,129.0146635673669,-0.4116983938791634,-1.05308381173613,0.6413854178569667,127.76702696309694,132.17084316317397,123.36321076301991,8.807632400154063,0.5975922091093819,57.52703173675151,30667384.9,0.881350271245332,3476610360.135788,0.19176052051209197,0.20253084962490936,0.9468212910143604,1.6116230467268493,0,3,0.05263157894736842,0.0,-0.015660430460296637,0.0,0.0,-0.012460161273182946,129.2951468130436,129.2951468130436,131.35217846977804,128.7994442511013,124.38766041921485,63.87474935058468,63.87474935058468,53.76046036894495,48.38834421812626,37.94049391574754
2025-06-19 23:24:01.164398,128.57231704971593,132.4159495615041,124.98734482432114,128.62658326605134,27028708.0,AAPL,17.0,3.285055311019427,3.0,4.506405109710674,7.863580140700818,3,19,25.0,6,2,2025,0,0,0,0,0,0,0,0.0,0.0,129.43912772559358,0.9937225746664115,128.82360810079405,0.99847058440881,127.73714001508942,1.0069630747240532,131.04916540255275,0.9815139445637842,128.60659872618984,128.98591687838058,-0.3793181521907343,-0.918330679827051,0.5390125276363167,127.73714001508942,132.10729837185278,123.36698165832608,8.740316713526695,0.6017632747318401,57.52703173675151,30096782.6,0.8980597148613486,3476610360.135788,0.19176052051209197,0.20253084962490936,0.9468212910143604,1.5157461661944427,0,3,0.05263157894736842,-0.005170832498136879,0.0,-0.015660430460296637,0.019819450569212416,0.0,128.62658326605134,129.2951468130436,129.2951468130436,131.35217846977804,124.38766041921485,57.52703173675151,63.87474935058468,63.87474935058468,53.76046036894495,37.94049391574754
2025-06-19 23:24:01.164503,132.12897296530647,131.92625288279822,125.85678072269401,129.61114451759585,14035851.0,AAPL,18.0,3.285055311019427,4.0,4.506405109710674,7.863580140700818,3,19,25.0,6,2,2025,0,0,0,0,0,0,0,0.007654415024832328,0.007625268628071425,129.09092093515716,1.0040299006209739,129.18025378215404,1.0033355774030948,127.70541533238566,1.0149228533515986,130.85899509611107,0.9904641589399436,128.76114423255999,129.03223003684099,-0.27108580428100026,-0.7888817047178409,0.5177959004368407,127.70541533238566,132.0075824745089,123.40324819026242,8.604334284246477,0.7214847915310958,64.92160372559452,29356521.8,0.4781169613901603,1819202712.3884423,0.19162359260722664,0.2023578512348857,0.9469540788155566,1.4660424198066078,0,3,0.05263157894736842,0.0,-0.005170832498136879,0.0,0.0,0.013321476416523037,128.62658326605134,128.62658326605134,129.2951468130436,131.35217846977804,126.04468770399589,57.52703173675151,57.52703173675151,63.87474935058468,53.76046036894495,48.68088558950208
2025-06-20 23:24:01.164398,132.12897296530647,131.92625288279822,125.85678072269401,129.61114451759585,14035851.0,AAPL,18.0,3.285055311019427,4.0,4.506405109710674,16.73034078233117,4,20,25.0,6,2,2025,0,1,0,0,0,0,0,0.0,0.0,129.1541204760676,1.0035385943541224,129.536899463514,1.0005731575666033,127.6736906496819,1.0151750439581952,130.66882478966943,0.9919056418103088,128.89191350718087,129.07511259097097,-0.1831990837901003,-0.6677451805322928,0.4845460967421925,127.6736906496819,131.9057734418383,123.44160785752551,8.464165584312795,0.7289007520723307,64.92160372559452,28616261.0,0.4904851475879396,1819202712.3884423,0.19162359260722664,0.2023578512348857,0.9469540788155566,1.4154421296004007,0,3,0.05263157894736842,0.007654415024832328,0.0,-0.005170832498136879,-0.015660430460296637,0.0,129.61114451759585,128.62658326605134,128.62658326605134,129.2951468130436,126.04468770399589,64.92160372559452,57.52703173675151,57.52703173675151,63.87474935058468,48.68088558950208
2025-06-20 23:24:01.164503,130.93202401752762,135.98030963943603,129.73405870659928,132.29703694854868,44045504.0,AAPL,19.0,3.285055311019427,5.0,4.506405109710674,16.73034078233117,4,20,25.0,6,2,2025,0,1,0,0,0,0,0,0.02072269665505644,0.0205109025424471,129.7544985031686,1.0195949926569827,129.88665873325877,1.0185575503966113,127.99559780767109,1.0336061490750723,130.48339092960194,1.0138994396606786,129.41577865200668,129.31377365449526,0.10200499751141479,-0.5137951449235514,0.6158001424349662,127.99559780767109,132.60872214211588,123.38247347322628,9.226248668889596,0.9662175598390074,79.59970398994076,30517422.6,1.4432904304310417,5827089670.105449,0.16018386308270693,0.20704331065802578,0.7736732115305248,1.0785718925263954,0,3,0.05263157894736842,0.0,0.007654415024832328,0.0,0.0,0.021855395870190808,129.61114451759585,129.61114451759585,128.62658326605134,129.2951468130436,128.7994442511013,64.92160372559452,64.92160372559452,57.52703173675151,63.87474935058468,48.38834421812626
2025-06-23 23:24:01.164398,130.93202401752762,135.98030963943603,129.73405870659928,132.29703694854868,44045504.0,AAPL,19.0,3.285055311019427,5.0,4.506405109710674,12.76577396010105,0,23,26.0,6,2,2025,1,0,0,0,0,0,0,0.0,0.0,130.48858923966807,1.0138590486679186,130.2364180030035,1.0158221408200712,128.31750496566025,1.0310131652260026,130.29795706953445,1.0153423731574502,129.859049159167,129.53475612072145,0.32429303844554624,-0.3461775082497319,0.6704705466952782,128.31750496566025,133.19384401187844,123.44116591944206,9.752678092436383,0.9080450462088694,79.59970398994076,32418584.2,1.3586498327092273,5827089670.105449,0.16018386308270693,0.20704331065802578,0.7736732115305248,0.812270059609626,0,3,0.05263157894736842,0.02072269665505644,0.0,0.007654415024832328,-0.005170832498136879,0.0,132.29703694854868,129.61114451759585,129.61114451759585,128.62658326605134,128.7994442511013,79.59970398994076,64.92160372559452,64.92160372559452,57.52703173675151,48.38834421812626
2025-06-23 23:24:01.164503,132.06946250650577,134.13367298463106,128.64959965933804,131.16632700648657,44641312.0,AAPL,22.0,3.285055311019427,1.0,3.8154264352691527,12.76577396010105,0,23,26.0,6,2,2025,1,0,0,0,0,0,0,-0.008546751825604826,-0.008583484756905726,130.99653798775512,1.0012961336332975,130.21783285667433,1.0072839036636112,128.5356182664674,1.0204667684763102,130.1554406821142,1.0077667619507455,130.0601688279854,129.65561322337072,0.40455560461467144,-0.19603088567685129,0.6005864902915228,128.5356182664674,133.5160546869777,123.5551818459571,9.960872841020603,0.7641042388560025,69.95301425670336,33680305.8,1.3254425973768922,5855436927.790593,0.16368559673555705,0.20658459193266537,0.7923417482602434,0.6504740865583989,0,3,0.05263157894736842,0.0,0.02072269665505644,0.0,0.0,0.019819450569212416,132.29703694854868,132.29703694854868,129.61114451759585,128.62658326605134,131.35217846977804,79.59970398994076,79.59970398994076,64.92160372559452,57.52703173675151,53.76046036894495
2025-06-24 23:24:01.164398,132.06946250650577,134.13367298463106,128.64959965933804,131.16632700648657,44641312.0,AAPL,22.0,3.285055311019427,1.0,3.8154264352691527,24.7207998881244,1,24,26.0,6,2,2025,0,0,0,0,0,0,0,0.0,0.0,131.30757448553328,0.9989243006003262,130.19924771034522,1.0074276872804429,128.7537315672745,1.018738062266968,130.01292429469396,1.008871446573867,130.23034700929327,129.76751794804596,0.46282906124730516,-0.06425889629202,0.5270879575393251,128.7537315672745,133.79656739422703,123.71089574032202,10.08567165390501,0.7392101906547721,69.95301425670336,34942027.4,1.27758219318436,5855436927.790593,0.16368559673555705,0.20658459193266537,0.7923417482602434,0.4993986600513243,0,3,0.05263157894736842,-0.008546751825604826,0.0,0.02072269665505644,0.007654415024832328,0.0,131.16632700648657,132.29703694854868,132.29703694854868,129.61114451759585,131.35217846977804,69.95301425670336,79.59970398994076,79.59970398994076,64.92160372559452,53.76046036894495
2025-06-24 23:24:01.164503,132.17983978022733,134.19844101256572,128.55425959408873,130.8109315564438,25287338.0,AAPL,23.0,3.285055311019427,2.0,3.8154264352691527,24.7207998881244,1,24,26.0,6,2,2025,0,0,0,0,0,0,0,-0.0027095021882042047,-0.0027131795332764903,131.54753189330285,0.9944005005167523,130.35082618468522,1.0035297464943311,128.99642283125024,1.0140663491697537,129.84894334532416,1.0074085178233703,130.3196677088549,129.84480784496432,0.4748598638905719,0.04356485574449838,0.4312950081460735,128.99642283125024,133.93875118478468,124.05409447771581,9.88465670706887,0.683568208686087,59.63827886574777,32974885.0,0.7668666016575949,3307860240.3626604,0.16156940812569942,0.18961819350562217,0.8520775624882688,0.3449874039486872,0,3,0.05263157894736842,0.0,-0.008546751825604826,0.0,0.0,-0.015660430460296637,131.16632700648657,131.16632700648657,132.29703694854868,129.61114451759585,129.2951468130436,69.95301425670336,69.95301425670336,79.59970398994076,64.92160372559452,63.87474935058468
2025-06-25 23:24:01.164398,132.17983978022733,134.19844101256572,128.55425959408873,130.8109315564438,25287338.0,AAPL,23.0,3.285055311019427,2.0,3.8154264352691527,15.090962355755869,2,25,26.0,6,2,2025,0,0,0,0,0,0,0,0.0,0.0,131.25031081488186,0.996652356434738,130.50240465902522,1.0023641472218439,129.239114095226,1.012162087864976,129.68496239595436,1.0086823417278838,130.39524676233012,129.9163725643332,0.4788741979969302,0.13062672419498475,0.34824747380194543,129.239114095226,134.0273323373269,124.45089585312509,9.576436484201807,0.6641338574960337,59.63827886574777,31007742.6,0.8155168960929132,3307860240.3626604,0.16156940812569942,0.18961819350562217,0.8520775624882688,0.1862272261561472,0,3,0.05263157894736842,-0.0027095021882042047,0.0,-0.008546751825604826,0.02072269665505644,0.0,130.8109315564438,131.16632700648657,131.16632700648657,132.29703694854868,129.2951468130436,59.63827886574777,69.95301425670336,69.95301425670336,79.59970398994076,63.87474935058468
2025-06-25 23:24:01.164503,126.73222004182367,130.6445980401715,126.09392929316512,128.07631672229036,45610155.0,AAPL,24.0,3.285055311019427,3.0,3.8154264352691527,15.090962355755869,2,25,26.0,6,2,2025,0,0,0,0,0,0,0,-0.020905094105024946,-0.021126699480120692,130.40616676963023,0.9821338966932777,130.44737800464912,0.9818236186987656,129.42354691037977,0.9895905326329658,129.57047221426893,0.988468395102337,130.0384882946317,129.78007213158926,0.2584161630424262,0.15618461196447303,0.10223155107795318,129.42354691037977,133.679529619099,125.16756420166055,8.511965417438432,0.3417251337359352,34.57222855286463,32865887.3,1.3877658188160342,5841580657.532755,0.17386597605898566,0.19377764564771058,0.8972447543050218,0.06904412632511721,0,3,0.05263157894736842,0.0,-0.0027095021882042047,0.0,0.0,-0.005170832498136879,130.8109315564438,130.8109315564438,131.16632700648657,132.29703694854868,128.62658326605134,59.63827886574777,59.63827886574777,69.95301425670336,79.59970398994076,57.52703173675151
2025-06-26 23:24:01.164398,126.73222004182367,130.6445980401715,126.09392929316512,128.07631672229036,45610155.0,AAPL,24.0,3.285055311019427,3.0,3.8154264352691527,16.67119453523047,3,26,26.0,6,2,2025,0,0,0,0,0,0,0,0.0,0.0,129.78816471279097,0.9868104461274356,130.39235135027303,0.9822379564138612,129.60797972553354,0.9881823402657249,129.45598203258345,0.9893425912914102,129.73661574504072,129.65386802719675,0.08274771784397217,0.14149723314037285,-0.058749515296400684,129.60797972553354,133.2153745879048,126.00058486316227,7.214789724742516,0.2877051083012905,34.57222855286463,34724032.0,1.3135040020698057,5841580657.532755,0.17386597605898566,0.19377764564771058,0.8972447543050218,0.08427006122095367,0,3,0.05263157894736842,-0.020905094105024946,0.0,-0.0027095021882042047,-0.008546751825604826,0.0,128.07631672229036,130.8109315564438,130.8109315564438,131.16632700648657,128.62658326605134,34.57222855286463,59.63827886574777,59.63827886574777,69.95301425670336,57.52703173675151
2025-06-26 23:24:01.164503,126.31634281641664,127.86967599963974,123.86148521252045,125.17367564846393,45803420.0,AAPL,25.0,3.285055311019427,4.0,3.8154264352691527,16.67119453523047,3,26,26.0,6,2,2025,0,0,0,0,0,0,0,-0.022663370934692506,-0.02292413248161327,128.58963444118643,0.9734351932209211,129.94860446335986,0.9632552513001995,129.56442912275696,0.9661114280823715,129.35098097899223,0.9677056540359231,129.034624960952,129.3220019250684,-0.2873769641164188,0.05572239368901452,-0.3430993578054333,129.56442912275696,133.36861611133085,125.76024213418309,7.608373977147764,-0.07709485462740794,32.021745513176995,37900788.9,1.2085083537667471,5733382438.670365,0.18782777611826296,0.1949480255399254,0.9634761654962019,0.11221748268728213,0,3,0.05263157894736842,0.0,-0.020905094105024946,0.0,0.0,0.007654415024832328,128.07631672229036,128.07631672229036,130.8109315564438,131.16632700648657,129.61114451759585,34.57222855286463,34.57222855286463,59.63827886574777,69.95301425670336,64.92160372559452
2025-06-27 23:24:01.164398,126.31634281641664,127.86967599963974,123.86148521252045,125.17367564846393,45803420.0,AAPL,25.0,3.285055311019427,4.0,3.8154264352691527,18.481197665327045,4,27,26.0,6,2,2025,0,1,0,0,0,0,0,0.0,0.0,127.46218325959049,0.9820455953867842,129.50485757644665,0.9665558342054773,129.52087851998036,0.9664362771377758,129.245979925401,0.9684918302349709,128.44063275903076,129.01471849717177,-0.574085738141008,-0.07023923267698999,-0.5038465054640181,129.52087851998036,133.51016514335168,125.53159189660902,7.97857324674267,-0.044859680681782386,32.021745513176995,41077545.8,1.1150476277966928,5733382438.670365,0.18782777611826296,0.1949480255399254,0.9634761654962019,0.1378184224562127,0,3,0.05263157894736842,-0.022663370934692506,0.0,-0.020905094105024946,-0.0027095021882042047,0.0,125.17367564846393,128.07631672229036,128.07631672229036,130.8109315564438,129.61114451759585,32.021745513176995,34.57222855286463,34.57222855286463,59.63827886574777,64.92160372559452
2025-06-27 23:24:01.164503,126.67819655852313,129.87969504471874,124.84620154829875,127.3517183683424,39469068.0,AAPL,26.0,3.285055311019427,5.0,3.8154264352691527,18.481197665327045,4,27,26.0,6,2,2025,0,1,0,0,0,0,0,0.01740016587828941,0.01725051644788388,126.77034062197019,1.0045860707127536,129.01032571842603,0.9871436077628107,129.4484922258424,0.9838022535338469,129.17162925638291,0.985910908621983,128.27310746815564,128.89153330244366,-0.6184258342880185,-0.1798765529991957,-0.43854928128882276,129.4484922258424,133.54402071750908,125.35296373417567,8.19105698333341,0.24401669262387696,45.08603575929177,40619902.2,0.9716682183444547,5026453632.196956,0.18142041895498895,0.19486229207456027,0.9310186030531343,0.13520256055979749,0,3,0.05263157894736842,0.0,-0.022663370934692506,0.0,0.0,0.02072269665505644,125.17367564846393,125.17367564846393,128.07631672229036,130.8109315564438,132.29703694854868,32.021745513176995,32.021745513176995,34.57222855286463,59.63827886574777,79.59970398994076
2025-06-30 23:24:01.164398,126.67819655852313,129.87969504471874,124.84620154829875,127.3517183683424,39469068.0,AAPL,26.0,3.285055311019427,5.0,3.8154264352691527,15.17698003705359,0,30,27.0,6,2,2025,1,0,0,1,0,1,0,0.0,0.0,126.6254209511806,1.0057357946904029,128.5157938604054,0.9909421600482239,129.37610593170444,0.98435269365403,129.09727858736485,0.9864787217970581,128.13135529895362,128.7774729369547,-0.6461176380010727,-0.27312476999957114,-0.37299286800150155,129.37610593170444,133.56993175817476,125.18228010523413,8.387651652940633,0.25864668120160794,45.08603575929177,40162258.6,0.9827402485775538,5026453632.196956,0.18142041895498895,0.19486229207456027,0.9310186030531343,0.13297039785472503,0,3,0.05263157894736842,0.01740016587828941,0.0,-0.022663370934692506,-0.020905094105024946,0.0,127.3517183683424,125.17367564846393,125.17367564846393,128.07631672229036,132.29703694854868,45.08603575929177,32.021745513176995,32.021745513176995,34.57222855286463,79.59970398994076
2025-06-30 23:24:01.164503,131.67750295217635,132.8056218395424,127.9008189386628,130.98430346956584,40185054.0,AAPL,29.0,3.285055311019427,1.0,4.114839840145236,15.17698003705359,0,30,27.0,6,2,2025,1,0,0,1,0,1,0,0.028524036799541408,0.028124800571416336,127.2070183006357,1.029693999744598,128.49759150671335,1.0193522067899816,129.35771218169384,1.0125743665409552,129.05391447816834,1.0149580041737059,128.57027040212475,128.94094186529625,-0.37067146317150446,-0.29263410863395783,-0.07803735453754662,129.35771218169384,133.51813983158553,125.19728453180215,8.320855299783375,0.6954836647519096,54.395548543010285,39716632.8,1.0117940813955408,5263611308.076891,0.19636834175652534,0.19928193149408252,0.9853795589208062,0.1460415750930859,0,3,0.05263157894736842,0.0,0.01740016587828941,0.0,0.0,-0.008546751825604826,127.3517183683424,127.3517183683424,125.17367564846393,128.07631672229036,131.16632700648657,45.08603575929177,45.08603575929177,32.021745513176995,34.57222855286463,69.95301425670336
2025-07-01 23:24:01.164398,131.67750295217635,132.8056218395424,127.9008189386628,130.98430346956584,40185054.0,AAPL,29.0,3.285055311019427,1.0,4.114839840145236,15.940254905096502,1,1,27.0,7,3,2025,0,0,1,0,1,0,0,0.0,0.0,128.36914386485608,1.020372182332718,128.47938915302126,1.019496623801357,129.33931843168324,1.012718367916493,129.01055036897185,1.0152991603783492,128.941660104808,129.09230198413104,-0.15064187932304662,-0.2642356627717756,0.113593783448729,129.33931843168324,133.46573240778017,125.21290445558631,8.252827952193854,0.6993238011759737,54.395548543010285,39271007.0,1.0232753644437995,5263611308.076891,0.19636834175652534,0.19928193149408252,0.9853795589208062,0.15934807540680326,0,3,0.05263157894736842,0.028524036799541408,0.0,0.01740016587828941,-0.022663370934692506,0.0,130.98430346956584,127.3517183683424,127.3517183683424,125.17367564846393,131.16632700648657,54.395548543010285,45.08603575929177,45.08603575929177,32.021745513176995,69.95301425670336
2025-07-01 23:24:01.164503,131.6259604929635,134.1276879146318,129.08107824958324,130.92665654976426,19702701.0,AAPL,0.0,1.9375241310835714,2.0,4.114839840145236,15.940254905096502,1,1,27.0,7,3,2025,0,0,1,0,1,0,0,-0.0004401055567316847,-0.0004402024316067077,129.51974004511615,1.0108625643022293,128.4909616523533,1.0189561574299757,129.42089391851925,1.0116346177626698,128.95421688602602,1.0152956585008892,129.2470441732628,129.22818010010386,0.018864073158937344,-0.20761571558563305,0.2264797887445704,129.42089391851925,133.60769620045932,125.23409163657921,8.373604563880107,0.6798225148749164,44.72591290865559,38712543.3,0.5089487623511422,2579608766.929697,0.18757408647507684,0.19888947253335543,0.9431071644258049,0.22292766701989652,0,3,0.05263157894736842,0.0,0.028524036799541408,0.0,0.0,-0.0027095021882042047,130.98430346956584,130.98430346956584,127.3517183683424,125.17367564846393,130.8109315564438,54.395548543010285,54.395548543010285,45.08603575929177,32.021745513176995,59.63827886574777
2025-07-02 23:24:01.164398,131.6259604929635,134.1276879146318,129.08107824958324,130.92665654976426,19702701.0,AAPL,0.0,1.9375241310835714,2.0,4.114839840145236,21.180314878217235,2,2,27.0,7,3,2025,0,0,0,0,0,0,0,0.0,0.0,130.23472768140053,1.0053129367311031,128.50253415168535,1.0188643937186286,129.5024694053553,1.0109973744203373,128.89788340308021,1.0157393829372652,129.50544607733994,129.35399317044906,0.15145290689088142,-0.13580199109033017,0.2872548979812116,129.5024694053553,133.74219769777528,125.26274111293533,8.479456584839951,0.6679573602576367,44.72591290865559,38154079.6,0.5163982778921496,2579608766.929697,0.18757408647507684,0.19888947253335543,0.9431071644258049,0.2852003527471315,0,3,0.05263157894736842,-0.0004401055567316847,0.0,0.028524036799541408,0.01740016587828941,0.0,130.92665654976426,130.98430346956584,130.98430346956584,127.3517183683424,130.8109315564438,44.72591290865559,54.395548543010285,54.395548543010285,45.08603575929177,59.63827886574777
2025-07-02 23:24:01.164503,133.90598044021644,135.8026503375881,130.42748211112388,133.71463648515933,21153281.0,AAPL,1.0,1.9375241310835714,3.0,4.114839840145236,21.180314878217235,2,2,27.0,7,3,2025,0,0,0,0,0,0,0,0.021294211651508688,0.02107065795784055,131.5073113047639,1.016784809593438,129.06636612797226,1.0360145752657064,129.7568720663107,1.030501385828922,128.90081922225457,1.0373451254379125,130.15301383238906,129.6770037863535,0.4760100460355545,-0.013439583665153229,0.48944962970070777,129.7568720663107,134.369518678911,125.1442254537104,9.225293225200588,0.9290123167074268,58.69795148082143,35708392.2,0.592389623187795,2828503279.3834276,0.19973065071704318,0.1889766336156265,1.0569065968403801,0.3711764268772165,0,3,0.05263157894736842,0.0,-0.0004401055567316847,0.0,0.0,-0.020905094105024946,130.92665654976426,130.92665654976426,130.98430346956584,127.3517183683424,128.07631672229036,44.72591290865559,44.72591290865559,54.395548543010285,45.08603575929177,34.57222855286463
2025-07-03 23:24:01.164398,133.90598044021644,135.8026503375881,130.42748211112388,133.71463648515933,21153281.0,AAPL,1.0,1.9375241310835714,3.0,4.114839840145236,11.942501077763254,3,3,27.0,7,3,2025,0,0,0,0,0,0,0,0.0,0.0,132.05337790788263,1.0125802050927888,129.63019810425916,1.0315083864765455,130.01127472726608,1.0284849276777115,128.90375504142895,1.037321499611739,130.7009557789691,129.97608768996875,0.7248680890003527,0.13422195086794794,0.5906461381324047,130.01127472726608,134.91359101793975,125.10895843659243,9.80463258134732,0.8777155061311167,58.69795148082143,33262704.8,0.6359459078024225,2828503279.3834276,0.19973065071704318,0.1889766336156265,1.0569065968403801,0.45183526323836665,0,3,0.05263157894736842,0.021294211651508688,0.0,-0.0004401055567316847,0.028524036799541408,0.0,133.71463648515933,130.92665654976426,130.92665654976426,130.98430346956584,128.07631672229036,58.69795148082143,44.72591290865559,44.72591290865559,54.395548543010285,34.57222855286463
2025-07-03 23:24:01.164503,132.61053002572112,136.2337813451609,131.9590578171343,134.820015609588,43127676.0,AAPL,2.0,1.9375241310835714,4.0,4.114839840145236,11.942501077763254,3,3,27.0,7,3,2025,0,0,0,0,0,0,0,0.008266702535225878,0.008232720500952593,132.820520335887,1.0150541141432403,130.59483210037155,1.0323533744885793,130.27171828186573,1.0349139275025239,128.9421805638155,1.0455850445530777,131.33465729137203,130.3348971654961,0.9997601258759232,0.307329585869543,0.6924305400063802,130.27171828186573,135.61789481234638,124.92554175138508,10.692353060961295,0.9253785206858262,63.01744518267876,32995130.4,1.307092151998284,5814473951.525254,0.19997156162777563,0.18217103956852532,1.0977132375234346,0.4973789063903964,0,3,0.05263157894736842,0.0,0.021294211651508688,0.0,0.0,-0.022663370934692506,133.71463648515933,133.71463648515933,130.92665654976426,130.98430346956584,125.17367564846393,58.69795148082143,58.69795148082143,44.72591290865559,54.395548543010285,32.021745513176995
2025-07-04 23:24:01.164398,132.61053002572112,136.2337813451609,131.9590578171343,134.820015609588,43127676.0,AAPL,2.0,1.9375241310835714,4.0,4.114839840145236,13.322521743042762,4,4,27.0,7,3,2025,0,1,0,0,0,0,0,0.0,0.0,133.5991921478518,1.0091379554180624,131.55946609648396,1.0247838457379632,130.53216183646532,1.0328490213660495,128.98060608620207,1.045273546935291,131.87086626340525,130.66712816135475,1.2037381020504938,0.4866112891057332,0.7171268129447605,130.53216183646532,136.2382370952938,124.82608657763683,11.412150517656983,0.8757270609503867,63.01744518267876,32727556.0,1.3177786938933052,5814473951.525254,0.19997156162777563,0.18217103956852532,1.0977132375234346,0.543825897796446,0,3,0.05263157894736842,0.008266702535225878,0.0,0.021294211651508688,-0.0004401055567316847,0.0,134.820015609588,133.71463648515933,133.71463648515933,130.92665654976426,125.17367564846393,63.01744518267876,58.69795148082143,58.69795148082143,44.72591290865559,32.021745513176995
2025-07-04 23:24:01.164503,135.0116714561833,136.2769539319397,129.43714790751255,133.22484651573453,12976242.0,AAPL,3.0,1.9375241310835714,5.0,4.114839840145236,13.322521743042762,4,4,27.0,7,3,2025,0,1,0,0,0,0,0,-0.01183184178284613,-0.011902395092102626,134.05883014104583,0.9937789728253346,132.14677891122318,1.0081581073212205,130.57855231482463,1.0202659177483426,129.06199318069022,1.032254680347422,132.07917091760976,130.85658878019768,1.2225821374120756,0.6338054587670017,0.5887766786450739,130.57855231482463,136.3596353616574,124.79746926799187,11.562166093665539,0.7288752971953661,68.05305243616479,30078273.4,0.43141578731710045,1728757848.801028,0.19291131224244842,0.18370647125158873,1.0501062424646628,0.5246626356510399,0,3,0.05263157894736842,0.0,0.008266702535225878,0.0,0.0,0.01740016587828941,134.820015609588,134.820015609588,133.71463648515933,130.92665654976426,127.3517183683424,63.01744518267876,63.01744518267876,58.69795148082143,44.72591290865559,45.08603575929177
2025-07-07 23:24:01.164398,135.0116714561833,136.2769539319397,129.43714790751255,133.22484651573453,12976242.0,AAPL,3.0,1.9375241310835714,5.0,4.114839840145236,12.303289721119507,0,7,28.0,7,3,2025,1,0,0,0,0,0,0,0.0,0.0,133.9608721471609,0.9945056670680837,132.7340917259624,1.0036972776427726,130.62494279318392,1.0199035778845622,129.1433802751784,1.031604145964426,132.25542870193664,131.03201527912634,1.223413422810296,0.7517270515756606,0.4716863712346354,130.62494279318392,136.47852501093863,124.7713605754292,11.707164435509426,0.7220780050431983,68.05305243616479,27428990.8,0.47308492297864635,1728757848.801028,0.19291131224244842,0.18370647125158873,1.0501062424646628,0.5062071268126161,0,3,0.05263157894736842,-0.01183184178284613,0.0,0.008266702535225878,0.021294211651508688,0.0,133.22484651573453,134.820015609588,134.820015609588,133.71463648515933,127.3517183683424,68.05305243616479,63.01744518267876,63.01744518267876,58.69795148082143,45.08603575929177
2025-07-07 23:24:01.164503,133.3625782848724,136.1445958294313,130.36386991826407,134.32553080098398,48134513.0,AAPL,6.0,1.9375241310835714,1.0,4.1476423101809985,12.303289721119507,0,7,28.0,7,3,2025,1,0,0,0,0,0,0,0.008261854406561131,0.008227912110168274,134.0830510103258,1.0018084298412893,133.0682144591042,1.0094486602002628,130.78290298290875,1.0270878512196522,129.28115590656358,1.0390186401030184,132.57390594794393,131.27597939185654,1.2979265560873898,0.8609669524780065,0.43695960360938335,130.78290298290875,136.86407745415707,124.70172851166045,12.162348942496621,0.791278258404253,86.73234826738471,28223936.7,1.705450005491261,6465694008.571864,0.19177301985185377,0.1815997339738233,1.0560203787495464,0.4939003422596751,0,3,0.05263157894736842,0.0,-0.01183184178284613,0.0,0.0,0.028524036799541408,133.22484651573453,133.22484651573453,134.820015609588,133.71463648515933,130.98430346956584,68.05305243616479,68.05305243616479,63.01744518267876,58.69795148082143,54.395548543010285
2025-07-08 23:24:01.164398,133.3625782848724,136.1445958294313,130.36386991826407,134.32553080098398,48134513.0,AAPL,6.0,1.9375241310835714,1.0,4.1476423101809985,25.305617376116814,1,8,28.0,7,3,2025,0,0,0,0,0,0,0,0.0,0.0,133.98415404860503,1.0025478890007777,133.40233719224602,1.0069203705734746,130.94086317263364,1.0258488263048027,129.41893153794877,1.037912531070437,132.84338669456548,131.50187208882895,1.3415146057365348,0.9570764831297123,0.38443812260682253,130.94086317263364,137.22471739480545,124.65700895046183,12.567708444343623,0.7693146203493993,86.73234826738471,29018882.6,1.6587307534715343,6465694008.571864,0.19177301985185377,0.1815997339738233,1.0560203787495464,0.48439431625098034,0,3,0.05263157894736842,0.008261854406561131,0.0,-0.01183184178284613,0.008266702535225878,0.0,134.32553080098398,133.22484651573453,133.22484651573453,134.820015609588,130.98430346956584,86.73234826738471,68.05305243616479,68.05305243616479,63.01744518267876,54.395548543010285
2025-07-08 23:24:01.164503,136.92158367430747,142.65496877040485,137.1700944953027,138.66028093089108,46203222.0,AAPL,7.0,1.9375241310835714,2.0,4.1476423101809985,25.305617376116814,1,8,28.0,7,3,2025,0,0,0,0,0,0,0,0.03227048576736635,0.03176073132931944,134.75220711286562,1.0290019280704779,134.1756996303587,1.033423200422185,131.33333064135599,1.0557889627389674,129.66424863911345,1.0693794348572963,133.73829350015404,132.03212459564836,1.706168904505688,1.1068949674049076,0.5992739371007805,131.33333064135599,138.501305140219,124.16535614249297,14.335948997726021,1.0110893105644632,88.69033798960085,31668934.7,1.4589446231041046,6406551742.432327,0.22025240046907085,0.1929691384075404,1.1413866605130902,0.46570534047164436,0,3,0.05263157894736842,0.0,0.008261854406561131,0.0,0.0,-0.0004401055567316847,134.32553080098398,134.32553080098398,133.22484651573453,134.820015609588,130.92665654976426,86.73234826738471,86.73234826738471,68.05305243616479,63.01744518267876,44.72591290865559
2025-07-09 23:24:01.164398,136.92158367430747,142.65496877040485,137.1700944953027,138.66028093089108,46203222.0,AAPL,7.0,1.9375241310835714,2.0,4.1476423101809985,13.32297524481751,2,9,28.0,7,3,2025,0,0,0,0,0,0,0,0.0,0.0,135.83929399589692,1.0207670906702397,134.9490620684714,1.0275008866718662,131.72579811007836,1.0526433160421456,129.9095657402782,1.067360052670084,134.49552233565203,132.52309913899967,1.9724231966523575,1.2800006132543977,0.6924225833979598,131.72579811007836,139.59826863702705,123.85332758312967,15.744941053897378,0.9404260896928675,88.69033798960085,34318986.8,1.3462874725660607,6406551742.432327,0.22025240046907085,0.1929691384075404,1.1413866605130902,0.4614135711484508,0,3,0.05263157894736842,0.03227048576736635,0.0,0.008261854406561131,-0.01183184178284613,0.0,138.66028093089108,134.32553080098398,134.32553080098398,133.22484651573453,130.92665654976426,88.69033798960085,86.73234826738471,86.73234826738471,68.05305243616479,44.72591290865559
2025-07-09 23:24:01.164503,136.15182175743135,142.73277987200177,136.85760805945333,138.69959381079838,47317456.0,AAPL,8.0,1.9375241310835714,3.0,4.1476423101809985,13.32297524481751,2,9,28.0,7,3,2025,0,0,0,0,0,0,0,0.0002835194018313558,0.0002834792178008705,136.9342434549097,1.0128919568352526,135.4475578010353,1.0240095581091255,132.25696196450377,1.0487129883417685,130.0990711719701,1.0661074868663725,135.14230256259762,132.9806172628366,2.161685299761018,1.456337550555722,0.7053477492052962,132.25696196450377,140.51666024126106,123.99726368774648,16.519396553514582,0.8900040673655177,85.00292481532445,36935404.3,1.2810867214468262,6562911927.360325,0.2018093380340544,0.1929266781609266,1.0460416359095681,0.5225108037192947,0,3,0.05263157894736842,0.0,0.03227048576736635,0.0,0.0,0.021294211651508688,138.66028093089108,138.66028093089108,134.32553080098398,133.22484651573453,133.71463648515933,88.69033798960085,88.69033798960085,86.73234826738471,68.05305243616479,58.69795148082143
